Star, Pred_Planet_Radius (Jupiter), Pred_Semi-Major-Axis (AU), Pred_Inclination, Pred_Time_of_Transit_Center (Days)
Kepler-4, 0.17079, 1.07140747, 84.361, 3.142
Kepler-5, 0.25683974, 0.09184538, 83.972, 0.364
Kepler-6, 1.18038141, 0.19330805, 84.010, 9.838
Kepler-7, 1.64787742, 0.24207699, 84.123, 4.144
Kepler-69, 0.78587521, 0.13009038, 83.772, 5.335
Kepler-56, 4.10997773, 0.55176551, 83.570, 10.890
Kepler-66, 0.48759857, 0.00528508, 80.011, 7.965
